id,autor,obra,ano_publicacao,fenomeno_linguistico,texto_original,texto_simplificado,anotador_original,anotador_revisao,nivel_confianca_equivalencia,notas
vieira_001,Padre Antônio Vieira,Sermão da Sexagésima,1655,Antítese,"Mas ainda a [desgraça] do semeador do nosso Evangelho não foi a maior. A maior é a que se tem experimentado na seara aonde eu fui, e para onde venho.","No entanto, o sofrimento dos pregadores do Evangelho em geral não foi o pior. O pior sofrimento é aquele que os missionários vivenciaram na região do Maranhão, de onde eu voltei recentemente e para onde pretendo ir novamente.",Amiga,,alta,"O texto original foi levemente modificado na fonte didática secundária com a inserção da palavra ""[desgraça]"" entre colchetes para fins de coesão textual. ATENÇÃO: ano de publicação corrigido de 1679 para 1655; data precisa de confirmação bibliográfica posterior."
assis_001,Machado de Assis,Dom Casmurro,1899,Eufemismo e Ironia,Os amigos que me restam são de data recente; todos os antigos foram estudar a geologia dos campos santos.,Os meus amigos atuais são pessoas que conheci há pouco tempo; todos os meus amigos antigos morreram e foram enterrados no cemitério.,Amiga,,alta,"O eufemismo sarcástico ""estudar a geologia dos campos santos"" foi traduzido diretamente como ""morreram e foram enterrados no cemitério""."
anjos_001,Augusto dos Anjos,O Lamento das Coisas,1920,Metáfora Cósmica / Niilismo Físico,"Triste a escutar, pancada por pancada, / A sucessividade dos segundos, / Ouço, em sons subterrâneos, do Orbe oriundos, / O choro da Energia abandonada!","Eu fico triste enquanto escuto o tempo passar segundo a segundo e ouço, como barulhos que vêm de dentro da Terra, o som lamentável de uma força física que não está sendo utilizada.",Amiga,,média,"A personificação da ""Energia"" que chora e o substantivo erudito ""Orbe"" foram convertidos para conceitos físicos e diretos correspondentes (""força física"" e ""Terra"")."
anjos_002,Augusto dos Anjos,O Lamento das Coisas,1920,Niilismo Fís / Estática do Nada,"É a dor da Força desaproveitada / – O cantochão dos dínamos profundos, / Que, podendo mover milhões de mundos, / Jazem ainda na estática do Nada!","Refere-se ao sofrimento de uma capacidade física que é desperdiçada, ou seja, o som repetitivo de geradores de energia profundos que poderiam mover planetas inteiros, mas continuam parados sem realizar nenhuma ação física.",Amiga,,média,"O termo litúrgico medieval ""cantochão"" e a palavra técnica ""dínamos"" foram traduzidos para ""som repetitivo"" e ""geradores de energia"", enquanto ""estática do Nada"" foi resolvida como ""parados sem realizar nenhuma ação""."
anjos_003,Augusto dos Anjos,Ao meu primeiro filho nascido morto...,1912,Niilismo Ontológico / Antinomia e Oximoro,"Agregado infeliz de sangue e cal, / Fruto rubro de carne agonizante, / Filho da grande força fecundante / De minha brônzea trama neuronial,","Você é uma mistura infeliz de matéria biológica morta em decomposição, gerada a partir da forte capacidade de reprodução do meu sistema nervoso e cerebral.",Amiga,,média,"Traduz a imagem expressionista ""sangue e cal"" em seu valor semântico factual de morte/decomposição e ""brônzea trama neuronial"" como ""sistema nervoso e cerebral""."
anjos_004,Augusto dos Anjos,Ao meu primeiro filho nascido morto...,1912,Niilismo Ontológico / Não Ser,"Ah! Possas tu dormir, feto esquecido, / Panteisticamente dissolvido / Na noumenalidade do NÃO SER!","Desejo que você continue morto e esquecido, totalmente desintegrado na condição eterna de não existir mais na realidade.",Amiga,,alta,"O eufemismo metafórico ""dormir"" foi traduzido como ""continue morto"", ""panteisticamente dissolvido"" como ""totalmente desintegrado"" e ""noumenalidade do NÃO SER"" como ""condição eterna de não existir na realidade""."
andrade_001,Mário de Andrade,Ode ao Burguês,1922,Neologismo e Sarcasmo,Eu insulto o burguês! O burguês-níquel (…) O homem-curva! O homem-nádegas! Eu insulto as aristocracias cautelosas.,"Eu xingo a classe rica que só se importa com dinheiro, os homens que são fisicamente gordos e as pessoas influentes que evitam correr riscos.",Amiga,,média,A fonte original apresenta elipse de supressão representada por (...). Os neologismos e epítetos corporais de caráter sarcástico foram traduzidos por descrições objetivas das características físicas e sociais criticadas.
anjos_005,Augusto dos Anjos,A Frederico Nietzsche,1963,Niilismo Filosófico / Desconstrução Metafísica,"Para que nesta vida o espírito esfalfaste / Em vãs meditações, homem meditabundo?! – / Escalpelaste todo o cadáver do mundo / E, por fim, nada achaste... e, por fim, nada achaste!...","Por qual motivo você cansou a sua mente nesta vida fazendo reflexões inúteis? Você analisou detalhadamente toda a realidade do mundo e, no fim, descobriu que não existe nenhum sentido ou verdade absoluta.",Amiga,,alta,"A metáfora anatômica/médica 'escalpelaste todo o cadáver do mundo' foi simplificada para a descrição denotativa correspondente: 'analisou detalhadamente toda a realidade do mundo'. DATAÇÃO VERIFICADA (fonte: dissertação de mestrado UNESP sobre niilismo em Augusto dos Anjos, autor LeoVivaldo): o soneto foi composto por volta de 1900 (poeta com aproximadamente 16 anos), circulou originalmente no jornal Correio da Paraíba sem data exata recuperável, não fez parte da primeira edição do livro 'Eu' (1912, organizada pelo próprio autor), e só apareceu pela primeira vez em formato de livro na coletânea póstuma 'Poemas Esquecidos', incluída na 29ª edição de 'Eu' pela Livraria São José em 1963 (organização de De Castro e Silva). O ano_publicacao=1963 registrado neste dataset reflete essa primeira publicação em livro verificável, não a data de composição (~1900, aproximada) nem a edição de referência (Bertrand Brasil, 2001) usada pela dissertação apenas para transcrever o texto do poema."
vieira_002,Padre Antônio Vieira,Sermão da Sexagésima,1655,Paradoxo,"O semear não é assim... É uma arte sem arte, caia onde cair","A pregação do Evangelho não deve seguir regras rígidas e artificiais. Ela deve ser feita de forma simples e natural, espalhando a palavra de Deus para todas as pessoas, sem distinção.",Amiga,,alta,"O paradoxo jesuítico ""arte sem arte"" refere-se à simplicidade e naturalidade estilística da pregação em oposição ao estilo rebuscado (cultismo barroco). ATENÇÃO: ano de publicação corrigido de 1679 para 1655; data precisa de confirmação bibliográfica posterior."
andrade_002,Mário de Andrade,Macunaíma,1928,Paródia,"No fundo do mato-virgem nasceu Macunaíma, herói da nossa gente.","Macunaíma, que representa o povo brasileiro, nasceu no interior da floresta intocada.",Amiga,,alta,Citação literal exata da frase de abertura do romance. A ironia nacionalista e o tom paródico do romantismo indigenista foram simplificados para uma afirmação factual.
azevedo_001,Aluísio Azevedo,O Cortiço,1890,Sugestão e Conotação,"O Miranda, que era homem de sangue esperto e orçava então pelos seus trinta e cinco anos, sentiu-se em insuportável estado de lubricidade.","O personagem Miranda, que era muito ganancioso e calculista e tinha aproximadamente trinta e cinco anos de idade, sentiu um desejo sexual muito forte que não conseguia controlar.",Amiga,,média,"O verbo de conotação comercial ""orçava"" foi explicitado no plano semântico sugerido pela fonte (""ganancioso e calculista""). O termo erudito ""lubricidade"" foi traduzido denotativamente como ""desejo sexual forte""."
assis_002,Machado de Assis,Quincas Borba,1891,Zeugma,"Rubião tinha nos pés um par de chinelas de damasco, bordadas a ouro; na cabeça, um gorro com borla de seda preta. Na boca, um riso azul claro.",O personagem Rubião usava nos seus pés chinelos feitos de tecido de damasco com bordados de ouro. Ele usava na sua cabeça um chapéu redondo com um enfeite de fios de seda preta. Ele mostrava nos seus lábios uma expressão de sorriso muito suave e tranquilo.,Amiga,,média,"O zeugma do verbo ""tinha"" (omitido nas orações subsequentes) foi resolvido repetindo o verbo adaptado (""usava"" / ""mostrava""). A expressão sinestésica de conotação complexa ""riso azul claro"" foi traduzida de forma denotativa aproximada como ""sorriso muito suave e tranquilo""."
camoes_001,Luís de Camões,Rimas,1598,Paradoxo,"Amor é fogo que arde sem se ver, / é ferida que dói, e não se sente; / é um contentamento descontente, / é dor que desatina sem doer.",,Amiga,,,"Confirmado quanto ao conteúdo via Wikisource (https://pt.wikisource.org/wiki/Amor_é_fogo_que_arde_sem_se_ver), que reproduz a grafia arcaica da edição de 1843 das Obras Completas de Camões (""Amor he hum fogo que arde sem se ver; He ferida que doe e não se sente; He hum contentamento descontente; He dor que desatina sem doer;""): mesmas palavras, ortografia modernizada aqui conforme já praticado no dataset (cf. vieira_001). ATENÇÃO: ano de publicação corrigido de 1595 (fonte secundária) para 1598 — fontes de análise literária (RTP Ensina, Nova Acrópole) indicam que este soneto específico só apareceu na 2ª edição das Rimas (1598), não na 1ª edição (1595); data ainda carece de confirmação bibliográfica primária direta."
matos_001,Gregório de Matos,Anjo no Nome,séc. XVII,Paradoxo,"Sois Anjo, que me tenta, e não me guarda.",,Amiga,,,"Confirmado exatamente (inclusive pontuação) via Wikisource: https://pt.wikisource.org/wiki/Anjo_no_Nome (verso final do soneto). Título divergente do informado pela fonte secundária (""A MESMA D. ÂNGELA""/""À mesma Dona Ângela""): mesmo poema, catalogado no Wikisource como ""Anjo no Nome"" (poemas de Matos circularam sem título fixo em manuscritos avulsos póstumos). Data mantida como ""séc. XVII"": não foi encontrado ano de composição mais preciso (obra não publicada em vida; ver Francisco Topa, ""O Mapa do Labirinto"", 2001, sobre problemas de datação/autoria)."
assis_003,Machado de Assis,O Alienista,1882,Ironia estrutural / Inversão conceitual,"A loucura, objeto dos meus estudos, era até agora uma ilha perdida no oceano da razão; começo a suspeitar que é um continente.",,Amiga,,,"Confirmado exatamente via Wikisource, capítulo IV (""Uma Teoria Nova""): https://pt.wikisource.org/wiki/O_Alienista/IV. Ano mantido em 1882 (edição em livro, Lombaerts & C.; a novela circulou antes em folhetim na revista A Estação a partir de 1881). CLASSIFICAÇÃO REVISADA: a fonte secundária propunha ""Paradoxo"", mas a frase não é paradoxo lógico (sem contradição self-referencial nem afirmação simultânea de valores incompatíveis) — é antes inversão conceitual/ironia estrutural: a metáfora espacial (ilha->continente) inverte a relação figura/fundo entre razão e loucura, ironizando a pretensão de objetividade científica do narrador-personagem. Classificação sujeita a revisão da anotadora."
camoes_002,Luís de Camões,Aquela triste e leda madrugada,séc. XVI,Hipérbato,Aquela triste e leda madrugada,,Amiga,,,"Confirmado quanto ao conteúdo via Wikisource: https://pt.wikisource.org/wiki/Aquella_triste_e_leda_madrugada, que preserva grafia arcaica da edição de 1843 (""Aquella triste e leda madrugada""); ortografia modernizada aqui conforme já praticado no dataset. Soneto agrupado postumamente nas Rimas (1595/1598); não encontrada confirmação de qual das duas edições incluiu especificamente este soneto, por isso mantido ""séc. XVI"" em vez de ano exato."
camoes_003,Luís de Camões,"Alma minha gentil, que te partiste",séc. XVI,Antítese,"Repousa lá no Céu eternamente, / E viva eu cá na terra sempre triste.",,Amiga,,,"Confirmado quanto ao conteúdo via Wikisource: https://pt.wikisource.org/wiki/Alma_minha_gentil,_que_te_partiste, que preserva grafia arcaica da edição de 1843 (""Repousa lá no Ceo eternamente, / E viva eu cá na terra sempre triste.""); ortografia modernizada aqui conforme já praticado no dataset. Mesma ressalva de datação do soneto ""Aquela triste e leda madrugada"" (Rimas póstumas, 1595/1598, sem confirmação de edição específica): mantido ""séc. XVI""."
matos_002,Gregório de Matos,Buscando a Cristo,séc. XVII,Antítese,"Que, para receber-me, estais abertos, / E, por não castigar-me, estais cravados.",,Amiga,,,"Confirmado exatamente (inclusive pontuação) via Wikisource: https://pt.wikisource.org/wiki/Buscando_a_Cristo. Título divergente do informado pela fonte secundária (que referenciava o poema pelo primeiro verso, ""A vós correndo vou, braços sagrados""): mesmo poema, catalogado no Wikisource como ""Buscando a Cristo"". Data mantida como ""séc. XVII"" — não encontrada data de composição mais precisa (mesma ressalva de matos_001)."
matos_003,Gregório de Matos,Moraliza o poeta nos Ocidentes do Sol a inconstância dos bens do mundo,"século XVII, data exata de composição não determinada",Zeugma,"Nasce o Sol, e não dura mais que um dia, / Depois da Luz se segue a noite escura, / Em tristes sombras morre a formosura, / Em contínuas tristezas a alegria.",,Amiga,,,"Fonte: edição digital de Poemas escolhidos de Gregório de Matos (org. José Miguel Wisnik, via archive.org), cruzada com pt.wikisource.org/wiki/Nasce_o_Sol -- texto conferido e bate exatamente (inclusive pontuação) com a fonte primária. Século XVII, data exata de composição não determinada (Gregório de Matos não publicou em vida; poemas circularam por copistas). Fenômeno ilustrado: elipse do verbo ""morre"" no último verso (""Em contínuas tristezas [morre] a alegria"")."
matos_004,Gregório de Matos,Moraliza o poeta nos Ocidentes do Sol a inconstância dos bens do mundo,"século XVII, data exata de composição não determinada",Hipérbato,"Nasce o Sol, e não dura mais que um dia, / Depois da Luz se segue a noite escura, / Em tristes sombras morre a formosura, / Em contínuas tristezas a alegria.",,Amiga,,,"Fonte: edição digital de Poemas escolhidos de Gregório de Matos (org. José Miguel Wisnik, via archive.org), cruzada com pt.wikisource.org/wiki/Nasce_o_Sol -- texto conferido e bate exatamente (inclusive pontuação) com a fonte primária. Século XVII, data exata de composição não determinada (Gregório de Matos não publicou em vida; poemas circularam por copistas). Fenômeno ilustrado: inversão do adjunto adverbial (""Em tristes sombras"") antes do verbo/sujeito (""morre a formosura"")."
matos_005,Gregório de Matos,Moraliza o poeta nos Ocidentes do Sol a inconstância dos bens do mundo,"século XVII, data exata de composição não determinada",Antítese,"Nasce o Sol, e não dura mais que um dia, / Depois da Luz se segue a noite escura, / Em tristes sombras morre a formosura, / Em contínuas tristezas a alegria.",,Amiga,,,"Fonte: edição digital de Poemas escolhidos de Gregório de Matos (org. José Miguel Wisnik, via archive.org), cruzada com pt.wikisource.org/wiki/Nasce_o_Sol -- texto conferido e bate exatamente (inclusive pontuação) com a fonte primária. Século XVII, data exata de composição não determinada (Gregório de Matos não publicou em vida; poemas circularam por copistas). Fenômeno ilustrado: pares antitéticos Sol/noite, luz/escura, formosura/sombras, alegria/tristezas."
pessoa_001,Fernando Pessoa (Ricardo Reis),Odes de Ricardo Reis,1946,Hipérbato,"Não a ti, Cristo, odeio ou te não quero.",,Amiga,,,"Fonte: Arquivo Pessoa (arquivopessoa.net/textos/614). Corrigida capitalização de ""Ti"" para ""ti"" em relação à versão inicialmente registrada, seguindo a edição de 1946 com notas de João Gaspar Simões e Luiz de Montalvor. OBS: fetch direto de arquivopessoa.net falhou (ECONNREFUSED) nesta e em tentativa anterior; confirmação feita indiretamente via busca, cujo snippet indexado da própria URL /textos/614 reproduz o título ""Não a ti, Cristo, odeio ou te não quero."" com ""ti"" minúsculo, distinto de variantes textuais próximas nas URLs /textos/619 (""...odeio ou menosprezo"") e /textos/12 (""Não a ti, mas aos teus, odeio, Cristo.""). Recomenda-se revalidação com acesso direto à fonte quando possível."
