modelo_embedding,termo,coeficiente,erro_padrao,t,p_valor,r_quadrado_modelo,gl_residuais,n_obs
BGE-M3,const,0.931389711610693,0.06446356044552089,14.44831320475735,1.041542661263879e-12,0.3504739260355255,22,25
BGE-M3,razao_tamanho,-0.09412538930825959,0.04346534899867939,-2.1655270572225107,0.041460866130061,0.3504739260355255,22,25
BGE-M3,dependia_contexto_bin,-0.08628687582792476,0.0384465356499383,-2.2443342259385917,0.03519857224947199,0.3504739260355255,22,25
LaBSE,const,1.000179609916205,0.08468439331365869,11.810672200386263,5.392282042258095e-11,0.4169676660819718,22,25
LaBSE,razao_tamanho,-0.13312008747579573,0.057099494422594536,-2.331370685886835,0.029294140348240686,0.4169676660819718,22,25
LaBSE,dependia_contexto_bin,-0.13813336688594083,0.05050638723684086,-2.7349682771446036,0.012089513419952451,0.4169676660819718,22,25
EmbeddingGemma,const,0.9277805604678317,0.08032694086974462,11.55005469425617,8.252312547343645e-11,0.4148512820692283,22,25
EmbeddingGemma,razao_tamanho,-0.11110804295703054,0.054161428484087525,-2.051423791188849,0.05231871556287191,0.4148512820692283,22,25
EmbeddingGemma,dependia_contexto_bin,-0.141253563644613,0.04790757095101944,-2.948460146080673,0.007429141462073064,0.4148512820692283,22,25
